{"events":{"typescript-language-features/tsserver.spawned":{"localtypescriptversion":{"classification":"SystemMetaData","purpose":"FeatureInsight","endPoint":"none"},"typescriptversionsource":{"classification":"SystemMetaData","purpose":"FeatureInsight","endPoint":"none"},"version":{"classification":"SystemMetaData","purpose":"FeatureInsight","endPoint":"none"}},"typescript-language-features/tsserver.error":{"version":{"classification":"SystemMetaData","purpose":"FeatureInsight","endPoint":"none"}},"typescript-language-features/tsserver.exitWithCode":{"code":{"classification":"CallstackOrException","purpose":"PerformanceAndHealth","endPoint":"none"},"version":{"classification":"SystemMetaData","purpose":"FeatureInsight","endPoint":"none"}},"typescript-language-features/serviceExited":{"version":{"classification":"SystemMetaData","purpose":"FeatureInsight","endPoint":"none"}},"typescript-language-features/fatalError":{"command":{"classification":"SystemMetaData","purpose":"FeatureInsight","endPoint":"none"},"version":{"classification":"SystemMetaData","purpose":"FeatureInsight","endPoint":"none"},"message":{"classification":"CallstackOrException","purpose":"PerformanceAndHealth","endPoint":"none"},"stack":{"classification":"CallstackOrException","purpose":"PerformanceAndHealth","endPoint":"none"},"errortext":{"classification":"CallstackOrException","purpose":"PerformanceAndHealth","endPoint":"none"}},"typescript-language-features/typingsInstalled":{"installedpackages":{"classification":"PublicNonPersonalData","purpose":"FeatureInsight","endPoint":"none"},"installsuccess":{"classification":"SystemMetaData","purpose":"PerformanceAndHealth","endPoint":"none"},"typingsinstallerversion":{"classification":"SystemMetaData","purpose":"PerformanceAndHealth","endPoint":"none"},"version":{"classification":"SystemMetaData","purpose":"FeatureInsight","endPoint":"none"}},"typescript-language-features/js.hintProjectExcludes":{"version":{"classification":"SystemMetaData","purpose":"FeatureInsight","endPoint":"none"}},"typescript-language-features/refactor.execute":{"action":{"classification":"PublicNonPersonalData","purpose":"FeatureInsight","endPoint":"none"},"version":{"classification":"SystemMetaData","purpose":"FeatureInsight","endPoint":"none"}},"typescript-language-features/organizeImports.execute":{"version":{"classification":"SystemMetaData","purpose":"FeatureInsight","endPoint":"none"}},"typescript-language-features/completions.execute":{"duration":{"classification":"PublicNonPersonalData","purpose":"FeatureInsight","endPoint":"none"},"type":{"classification":"PublicNonPersonalData","purpose":"FeatureInsight","endPoint":"none"},"count":{"classification":"PublicNonPersonalData","purpose":"FeatureInsight","endPoint":"none"},"updategraphdurationms":{"classification":"PublicNonPersonalData","purpose":"FeatureInsight","endPoint":"none"},"version":{"classification":"SystemMetaData","purpose":"FeatureInsight","endPoint":"none"}},"typescript-language-features/quickFix.execute":{"fixname":{"classification":"PublicNonPersonalData","purpose":"FeatureInsight","endPoint":"none"},"version":{"classification":"SystemMetaData","purpose":"FeatureInsight","endPoint":"none"}},"typescript-language-features/quickFixAll.execute":{"fixname":{"classification":"PublicNonPersonalData","purpose":"FeatureInsight","endPoint":"none"},"version":{"classification":"SystemMetaData","purpose":"FeatureInsight","endPoint":"none"}},"typescript-language-features/languageServiceErrorResponse":{"version":{"classification":"SystemMetaData","purpose":"FeatureInsight","endPoint":"none"},"command":{"classification":"SystemMetaData","purpose":"FeatureInsight","endPoint":"none"},"message":{"classification":"CallstackOrException","purpose":"PerformanceAndHealth","endPoint":"none"},"stack":{"classification":"CallstackOrException","purpose":"PerformanceAndHealth","endPoint":"none"},"errortext":{"classification":"CallstackOrException","purpose":"PerformanceAndHealth","endPoint":"none"}},"git/clone":{"outcome":{"classification":"SystemMetaData","purpose":"FeatureInsight","endPoint":"none"},"openfolder":{"classification":"SystemMetaData","purpose":"PerformanceAndHealth","endPoint":"none","isMeasurement":true}},"git/git.command":{"command":{"classification":"SystemMetaData","purpose":"FeatureInsight","endPoint":"none"}},"html-language-features/html.embbedded.complete":{"languageid":{"classification":"SystemMetaData","purpose":"FeatureInsight","endPoint":"none"}},"json-language-features/json.schema":{"schemaurl":{"classification":"SystemMetaData","purpose":"FeatureInsight","endPoint":"none"}},"ms-vscode.node2/error-while-adding-custom-global-property":{"successful":{"classification":"SystemMetaData","purpose":"PerformanceAndHealth","endPoint":"none"},"exceptiontype":{"classification":"SystemMetaData","purpose":"PerformanceAndHealth","endPoint":"none"},"exceptionmessage":{"classification":"CallstackOrException","purpose":"PerformanceAndHealth","endPoint":"none"},"exceptionname":{"classification":"CallstackOrException","purpose":"PerformanceAndHealth","endPoint":"none"},"exceptionstack":{"classification":"CallstackOrException","purpose":"PerformanceAndHealth","endPoint":"none"},"exceptionid":{"classification":"CallstackOrException","purpose":"PerformanceAndHealth","endPoint":"none"},"starttime":{"classification":"SystemMetaData","purpose":"PerformanceAndHealth","endPoint":"none"},"timetakeninmilliseconds":{"classification":"SystemMetaData","purpose":"PerformanceAndHealth","endPoint":"none"}},"ms-vscode.node2/targetCount":{"numtargets":{"classification":"SystemMetaData","purpose":"FeatureInsight","endPoint":"none","isMeasurement":true},"versions.debugadaptercore":{"classification":"SystemMetaData","purpose":"FeatureInsight","endPoint":"none"},"versions.debugadapter":{"classification":"SystemMetaData","purpose":"FeatureInsight","endPoint":"none"},"versions.target.version":{"classification":"SystemMetaData","purpose":"FeatureInsight","endPoint":"none"}},"ms-vscode.node2/targetDebugProtocolVersion":{"debugprotocolversion":{"classification":"SystemMetaData","purpose":"FeatureInsight","endPoint":"none"},"versions.debugadaptercore":{"classification":"SystemMetaData","purpose":"FeatureInsight","endPoint":"none"},"versions.debugadapter":{"classification":"SystemMetaData","purpose":"FeatureInsight","endPoint":"none"},"versions.target.version":{"classification":"SystemMetaData","purpose":"FeatureInsight","endPoint":"none"}},"ms-vscode.node2/error":{"successful":{"classification":"SystemMetaData","purpose":"PerformanceAndHealth","endPoint":"none"},"exceptiontype":{"classification":"SystemMetaData","purpose":"PerformanceAndHealth","endPoint":"none"},"exceptionmessage":{"classification":"CallstackOrException","purpose":"PerformanceAndHealth","endPoint":"none"},"exceptionname":{"classification":"CallstackOrException","purpose":"PerformanceAndHealth","endPoint":"none"},"exceptionstack":{"classification":"CallstackOrException","purpose":"PerformanceAndHealth","endPoint":"none"},"exceptionid":{"classification":"CallstackOrException","purpose":"PerformanceAndHealth","endPoint":"none"},"starttime":{"classification":"SystemMetaData","purpose":"PerformanceAndHealth","endPoint":"none"},"timetakeninmilliseconds":{"classification":"SystemMetaData","purpose":"PerformanceAndHealth","endPoint":"none"},"versions.debugadaptercore":{"classification":"SystemMetaData","purpose":"FeatureInsight","endPoint":"none"},"versions.debugadapter":{"classification":"SystemMetaData","purpose":"FeatureInsight","endPoint":"none"},"versions.target.version":{"classification":"SystemMetaData","purpose":"FeatureInsight","endPoint":"none"}},"ms-vscode.node2/report-start-up-timings":{"requestedcontentwasnotdetectedreason":{"classification":"SystemMetaData","purpose":"FeatureInsight","endPoint":"none"},"steps":{"classification":"SystemMetaData","purpose":"FeatureInsight","endPoint":"none"},"all":{"classification":"SystemMetaData","purpose":"FeatureInsight","endPoint":"none"},"${wildcard}":[{"${prefix}":"request.","${classification}":{"classification":"SystemMetaData","purpose":"FeatureInsight","endPoint":"none"}},{"${prefix}":"waitingafter","${classification}":{"classification":"SystemMetaData","purpose":"FeatureInsight","endPoint":"none"}}],"beforefirststep":{"classification":"SystemMetaData","purpose":"FeatureInsight","endPoint":"none"},"afterlaststep":{"classification":"SystemMetaData","purpose":"FeatureInsight","endPoint":"none"},"attach.requestdebuggertargetsinformation":{"classification":"SystemMetaData","purpose":"FeatureInsight","endPoint":"none"},"attach.processdebuggertargetsinformation":{"classification":"SystemMetaData","purpose":"FeatureInsight","endPoint":"none"},"attach.attachtotargetdebuggerwebsocket":{"classification":"SystemMetaData","purpose":"FeatureInsight","endPoint":"none"},"attach":{"classification":"SystemMetaData","purpose":"FeatureInsight","endPoint":"none"},"attach.configuredebuggingsession.internal":{"classification":"SystemMetaData","purpose":"FeatureInsight","endPoint":"none"},"attach.configuredebuggingsession.target":{"classification":"SystemMetaData","purpose":"FeatureInsight","endPoint":"none"},"attach.configuredebuggingsession.end":{"classification":"SystemMetaData","purpose":"FeatureInsight","endPoint":"none"},"versions.debugadaptercore":{"classification":"SystemMetaData","purpose":"FeatureInsight","endPoint":"none"},"versions.debugadapter":{"classification":"SystemMetaData","purpose":"FeatureInsight","endPoint":"none"},"versions.target.version":{"classification":"SystemMetaData","purpose":"FeatureInsight","endPoint":"none"}},"ms-vscode.node2/ClientRequest/initialize":{"successful":{"classification":"SystemMetaData","purpose":"PerformanceAndHealth","endPoint":"none"},"exceptiontype":{"classification":"SystemMetaData","purpose":"PerformanceAndHealth","endPoint":"none"},"exceptionmessage":{"classification":"CallstackOrException","purpose":"PerformanceAndHealth","endPoint":"none"},"exceptionname":{"classification":"CallstackOrException","purpose":"PerformanceAndHealth","endPoint":"none"},"exceptionstack":{"classification":"CallstackOrException","purpose":"PerformanceAndHealth","endPoint":"none"},"exceptionid":{"classification":"CallstackOrException","purpose":"PerformanceAndHealth","endPoint":"none"},"starttime":{"classification":"SystemMetaData","purpose":"PerformanceAndHealth","endPoint":"none"},"timetakeninmilliseconds":{"classification":"SystemMetaData","purpose":"PerformanceAndHealth","endPoint":"none"},"versions.debugadaptercore":{"classification":"SystemMetaData","purpose":"FeatureInsight","endPoint":"none"},"versions.debugadapter":{"classification":"SystemMetaData","purpose":"FeatureInsight","endPoint":"none"},"versions.target.version":{"classification":"SystemMetaData","purpose":"FeatureInsight","endPoint":"none"}},"ms-vscode.node2/ClientRequest/configurationDone":{"successful":{"classification":"SystemMetaData","purpose":"PerformanceAndHealth","endPoint":"none"},"exceptiontype":{"classification":"SystemMetaData","purpose":"PerformanceAndHealth","endPoint":"none"},"exceptionmessage":{"classification":"CallstackOrException","purpose":"PerformanceAndHealth","endPoint":"none"},"exceptionname":{"classification":"CallstackOrException","purpose":"PerformanceAndHealth","endPoint":"none"},"exceptionstack":{"classification":"CallstackOrException","purpose":"PerformanceAndHealth","endPoint":"none"},"exceptionid":{"classification":"CallstackOrException","purpose":"PerformanceAndHealth","endPoint":"none"},"starttime":{"classification":"SystemMetaData","purpose":"PerformanceAndHealth","endPoint":"none"},"timetakeninmilliseconds":{"classification":"SystemMetaData","purpose":"PerformanceAndHealth","endPoint":"none"},"versions.debugadaptercore":{"classification":"SystemMetaData","purpose":"FeatureInsight","endPoint":"none"},"versions.debugadapter":{"classification":"SystemMetaData","purpose":"FeatureInsight","endPoint":"none"},"versions.target.version":{"classification":"SystemMetaData","purpose":"FeatureInsight","endPoint":"none"}},"ms-vscode.node2/ClientRequest/launch":{"successful":{"classification":"SystemMetaData","purpose":"PerformanceAndHealth","endPoint":"none"},"exceptiontype":{"classification":"SystemMetaData","purpose":"PerformanceAndHealth","endPoint":"none"},"exceptionmessage":{"classification":"CallstackOrException","purpose":"PerformanceAndHealth","endPoint":"none"},"exceptionname":{"classification":"CallstackOrException","purpose":"PerformanceAndHealth","endPoint":"none"},"exceptionstack":{"classification":"CallstackOrException","purpose":"PerformanceAndHealth","endPoint":"none"},"exceptionid":{"classification":"CallstackOrException","purpose":"PerformanceAndHealth","endPoint":"none"},"starttime":{"classification":"SystemMetaData","purpose":"PerformanceAndHealth","endPoint":"none"},"timetakeninmilliseconds":{"classification":"SystemMetaData","purpose":"PerformanceAndHealth","endPoint":"none"},"versions.debugadaptercore":{"classification":"SystemMetaData","purpose":"FeatureInsight","endPoint":"none"},"versions.debugadapter":{"classification":"SystemMetaData","purpose":"FeatureInsight","endPoint":"none"},"versions.target.version":{"classification":"SystemMetaData","purpose":"FeatureInsight","endPoint":"none"}},"ms-vscode.node2/debugStarted":{"request":{"classification":"SystemMetaData","purpose":"FeatureInsight","endPoint":"none"},"args":{"classification":"SystemMetaData","purpose":"FeatureInsight","endPoint":"none"},"versions.debugadaptercore":{"classification":"SystemMetaData","purpose":"FeatureInsight","endPoint":"none"},"versions.debugadapter":{"classification":"SystemMetaData","purpose":"FeatureInsight","endPoint":"none"},"versions.target.version":{"classification":"SystemMetaData","purpose":"FeatureInsight","endPoint":"none"}},"ms-vscode.node2/ClientRequest/attach":{"successful":{"classification":"SystemMetaData","purpose":"PerformanceAndHealth","endPoint":"none"},"exceptiontype":{"classification":"SystemMetaData","purpose":"PerformanceAndHealth","endPoint":"none"},"exceptionmessage":{"classification":"CallstackOrException","purpose":"PerformanceAndHealth","endPoint":"none"},"exceptionname":{"classification":"CallstackOrException","purpose":"PerformanceAndHealth","endPoint":"none"},"exceptionstack":{"classification":"CallstackOrException","purpose":"PerformanceAndHealth","endPoint":"none"},"exceptionid":{"classification":"CallstackOrException","purpose":"PerformanceAndHealth","endPoint":"none"},"starttime":{"classification":"SystemMetaData","purpose":"PerformanceAndHealth","endPoint":"none"},"timetakeninmilliseconds":{"classification":"SystemMetaData","purpose":"PerformanceAndHealth","endPoint":"none"},"versions.debugadaptercore":{"classification":"SystemMetaData","purpose":"FeatureInsight","endPoint":"none"},"versions.debugadapter":{"classification":"SystemMetaData","purpose":"FeatureInsight","endPoint":"none"},"versions.target.version":{"classification":"SystemMetaData","purpose":"FeatureInsight","endPoint":"none"}},"ms-vscode.node2/debugStopped":{"reason":{"classification":"SystemMetaData","purpose":"FeatureInsight","endPoint":"none"},"versions.debugadaptercore":{"classification":"SystemMetaData","purpose":"FeatureInsight","endPoint":"none"},"versions.debugadapter":{"classification":"SystemMetaData","purpose":"FeatureInsight","endPoint":"none"},"versions.target.version":{"classification":"SystemMetaData","purpose":"FeatureInsight","endPoint":"none"}},"ms-vscode.node2/target/notification/onPaused":{"successful":{"classification":"SystemMetaData","purpose":"PerformanceAndHealth","endPoint":"none"},"exceptiontype":{"classification":"SystemMetaData","purpose":"PerformanceAndHealth","endPoint":"none"},"exceptionmessage":{"classification":"CallstackOrException","purpose":"PerformanceAndHealth","endPoint":"none"},"exceptionname":{"classification":"CallstackOrException","purpose":"PerformanceAndHealth","endPoint":"none"},"exceptionstack":{"classification":"CallstackOrException","purpose":"PerformanceAndHealth","endPoint":"none"},"exceptionid":{"classification":"CallstackOrException","purpose":"PerformanceAndHealth","endPoint":"none"},"starttime":{"classification":"SystemMetaData","purpose":"PerformanceAndHealth","endPoint":"none"},"timetakeninmilliseconds":{"classification":"SystemMetaData","purpose":"PerformanceAndHealth","endPoint":"none"},"versions.debugadaptercore":{"classification":"SystemMetaData","purpose":"FeatureInsight","endPoint":"none"},"versions.debugadapter":{"classification":"SystemMetaData","purpose":"FeatureInsight","endPoint":"none"},"versions.target.version":{"classification":"SystemMetaData","purpose":"FeatureInsight","endPoint":"none"}},"ms-vscode.node2/target/notification/onScriptParsed":{"successful":{"classification":"SystemMetaData","purpose":"PerformanceAndHealth","endPoint":"none"},"exceptiontype":{"classification":"SystemMetaData","purpose":"PerformanceAndHealth","endPoint":"none"},"exceptionmessage":{"classification":"CallstackOrException","purpose":"PerformanceAndHealth","endPoint":"none"},"exceptionname":{"classification":"CallstackOrException","purpose":"PerformanceAndHealth","endPoint":"none"},"exceptionstack":{"classification":"CallstackOrException","purpose":"PerformanceAndHealth","endPoint":"none"},"exceptionid":{"classification":"CallstackOrException","purpose":"PerformanceAndHealth","endPoint":"none"},"starttime":{"classification":"SystemMetaData","purpose":"PerformanceAndHealth","endPoint":"none"},"timetakeninmilliseconds":{"classification":"SystemMetaData","purpose":"PerformanceAndHealth","endPoint":"none"},"versions.debugadaptercore":{"classification":"SystemMetaData","purpose":"FeatureInsight","endPoint":"none"},"versions.debugadapter":{"classification":"SystemMetaData","purpose":"FeatureInsight","endPoint":"none"},"versions.target.version":{"classification":"SystemMetaData","purpose":"FeatureInsight","endPoint":"none"}},"ms-vscode.node2/ClientRequest/exceptionInfo":{"successful":{"classification":"SystemMetaData","purpose":"PerformanceAndHealth","endPoint":"none"},"exceptiontype":{"classification":"SystemMetaData","purpose":"PerformanceAndHealth","endPoint":"none"},"exceptionmessage":{"classification":"CallstackOrException","purpose":"PerformanceAndHealth","endPoint":"none"},"exceptionname":{"classification":"CallstackOrException","purpose":"PerformanceAndHealth","endPoint":"none"},"exceptionstack":{"classification":"CallstackOrException","purpose":"PerformanceAndHealth","endPoint":"none"},"exceptionid":{"classification":"CallstackOrException","purpose":"PerformanceAndHealth","endPoint":"none"},"starttime":{"classification":"SystemMetaData","purpose":"PerformanceAndHealth","endPoint":"none"},"timetakeninmilliseconds":{"classification":"SystemMetaData","purpose":"PerformanceAndHealth","endPoint":"none"},"versions.debugadaptercore":{"classification":"SystemMetaData","purpose":"FeatureInsight","endPoint":"none"},"versions.debugadapter":{"classification":"SystemMetaData","purpose":"FeatureInsight","endPoint":"none"},"versions.target.version":{"classification":"SystemMetaData","purpose":"FeatureInsight","endPoint":"none"}},"ms-vscode.node2/ClientRequest/toggleSmartStep":{"successful":{"classification":"SystemMetaData","purpose":"PerformanceAndHealth","endPoint":"none"},"exceptiontype":{"classification":"SystemMetaData","purpose":"PerformanceAndHealth","endPoint":"none"},"exceptionmessage":{"classification":"CallstackOrException","purpose":"PerformanceAndHealth","endPoint":"none"},"exceptionname":{"classification":"CallstackOrException","purpose":"PerformanceAndHealth","endPoint":"none"},"exceptionstack":{"classification":"CallstackOrException","purpose":"PerformanceAndHealth","endPoint":"none"},"exceptionid":{"classification":"CallstackOrException","purpose":"PerformanceAndHealth","endPoint":"none"},"starttime":{"classification":"SystemMetaData","purpose":"PerformanceAndHealth","endPoint":"none"},"timetakeninmilliseconds":{"classification":"SystemMetaData","purpose":"PerformanceAndHealth","endPoint":"none"},"versions.debugadaptercore":{"classification":"SystemMetaData","purpose":"FeatureInsight","endPoint":"none"},"versions.debugadapter":{"classification":"SystemMetaData","purpose":"FeatureInsight","endPoint":"none"},"versions.target.version":{"classification":"SystemMetaData","purpose":"FeatureInsight","endPoint":"none"}},"ms-vscode.node2/ClientRequest/toggleSkipFileStatus":{"successful":{"classification":"SystemMetaData","purpose":"PerformanceAndHealth","endPoint":"none"},"exceptiontype":{"classification":"SystemMetaData","purpose":"PerformanceAndHealth","endPoint":"none"},"exceptionmessage":{"classification":"CallstackOrException","purpose":"PerformanceAndHealth","endPoint":"none"},"exceptionname":{"classification":"CallstackOrException","purpose":"PerformanceAndHealth","endPoint":"none"},"exceptionstack":{"classification":"CallstackOrException","purpose":"PerformanceAndHealth","endPoint":"none"},"exceptionid":{"classification":"CallstackOrException","purpose":"PerformanceAndHealth","endPoint":"none"},"starttime":{"classification":"SystemMetaData","purpose":"PerformanceAndHealth","endPoint":"none"},"timetakeninmilliseconds":{"classification":"SystemMetaData","purpose":"PerformanceAndHealth","endPoint":"none"},"versions.debugadaptercore":{"classification":"SystemMetaData","purpose":"FeatureInsight","endPoint":"none"},"versions.debugadapter":{"classification":"SystemMetaData","purpose":"FeatureInsight","endPoint":"none"},"versions.target.version":{"classification":"SystemMetaData","purpose":"FeatureInsight","endPoint":"none"}},"ms-vscode.node2/ClientRequest/loadedSources":{"successful":{"classification":"SystemMetaData","purpose":"PerformanceAndHealth","endPoint":"none"},"exceptiontype":{"classification":"SystemMetaData","purpose":"PerformanceAndHealth","endPoint":"none"},"exceptionmessage":{"classification":"CallstackOrException","purpose":"PerformanceAndHealth","endPoint":"none"},"exceptionname":{"classification":"CallstackOrException","purpose":"PerformanceAndHealth","endPoint":"none"},"exceptionstack":{"classification":"CallstackOrException","purpose":"PerformanceAndHealth","endPoint":"none"},"exceptionid":{"classification":"CallstackOrException","purpose":"PerformanceAndHealth","endPoint":"none"},"starttime":{"classification":"SystemMetaData","purpose":"PerformanceAndHealth","endPoint":"none"},"timetakeninmilliseconds":{"classification":"SystemMetaData","purpose":"PerformanceAndHealth","endPoint":"none"},"versions.debugadaptercore":{"classification":"SystemMetaData","purpose":"FeatureInsight","endPoint":"none"},"versions.debugadapter":{"classification":"SystemMetaData","purpose":"FeatureInsight","endPoint":"none"},"versions.target.version":{"classification":"SystemMetaData","purpose":"FeatureInsight","endPoint":"none"}},"ms-vscode.node2/ClientRequest/disconnect":{"successful":{"classification":"SystemMetaData","purpose":"PerformanceAndHealth","endPoint":"none"},"exceptiontype":{"classification":"SystemMetaData","purpose":"PerformanceAndHealth","endPoint":"none"},"exceptionmessage":{"classification":"CallstackOrException","purpose":"PerformanceAndHealth","endPoint":"none"},"exceptionname":{"classification":"CallstackOrException","purpose":"PerformanceAndHealth","endPoint":"none"},"exceptionstack":{"classification":"CallstackOrException","purpose":"PerformanceAndHealth","endPoint":"none"},"exceptionid":{"classification":"CallstackOrException","purpose":"PerformanceAndHealth","endPoint":"none"},"starttime":{"classification":"SystemMetaData","purpose":"PerformanceAndHealth","endPoint":"none"},"timetakeninmilliseconds":{"classification":"SystemMetaData","purpose":"PerformanceAndHealth","endPoint":"none"},"versions.debugadaptercore":{"classification":"SystemMetaData","purpose":"FeatureInsight","endPoint":"none"},"versions.debugadapter":{"classification":"SystemMetaData","purpose":"FeatureInsight","endPoint":"none"},"versions.target.version":{"classification":"SystemMetaData","purpose":"FeatureInsight","endPoint":"none"}},"ms-vscode.node2/ClientRequest/setBreakpoints":{"successful":{"classification":"SystemMetaData","purpose":"PerformanceAndHealth","endPoint":"none"},"exceptiontype":{"classification":"SystemMetaData","purpose":"PerformanceAndHealth","endPoint":"none"},"exceptionmessage":{"classification":"CallstackOrException","purpose":"PerformanceAndHealth","endPoint":"none"},"exceptionname":{"classification":"CallstackOrException","purpose":"PerformanceAndHealth","endPoint":"none"},"exceptionstack":{"classification":"CallstackOrException","purpose":"PerformanceAndHealth","endPoint":"none"},"exceptionid":{"classification":"CallstackOrException","purpose":"PerformanceAndHealth","endPoint":"none"},"starttime":{"classification":"SystemMetaData","purpose":"PerformanceAndHealth","endPoint":"none"},"timetakeninmilliseconds":{"classification":"SystemMetaData","purpose":"PerformanceAndHealth","endPoint":"none"},"versions.debugadaptercore":{"classification":"SystemMetaData","purpose":"FeatureInsight","endPoint":"none"},"versions.debugadapter":{"classification":"SystemMetaData","purpose":"FeatureInsight","endPoint":"none"},"versions.target.version":{"classification":"SystemMetaData","purpose":"FeatureInsight","endPoint":"none"}},"ms-vscode.node2/setBreakpointsRequest":{"fileext":{"classification":"CustomerContent","purpose":"FeatureInsight","endPoint":"none"},"versions.debugadaptercore":{"classification":"SystemMetaData","purpose":"FeatureInsight","endPoint":"none"},"versions.debugadapter":{"classification":"SystemMetaData","purpose":"FeatureInsight","endPoint":"none"},"versions.target.version":{"classification":"SystemMetaData","purpose":"FeatureInsight","endPoint":"none"}},"ms-vscode.node2/ClientRequest/setExceptionBreakpoints":{"successful":{"classification":"SystemMetaData","purpose":"PerformanceAndHealth","endPoint":"none"},"exceptiontype":{"classification":"SystemMetaData","purpose":"PerformanceAndHealth","endPoint":"none"},"exceptionmessage":{"classification":"CallstackOrException","purpose":"PerformanceAndHealth","endPoint":"none"},"exceptionname":{"classification":"CallstackOrException","purpose":"PerformanceAndHealth","endPoint":"none"},"exceptionstack":{"classification":"CallstackOrException","purpose":"PerformanceAndHealth","endPoint":"none"},"exceptionid":{"classification":"CallstackOrException","purpose":"PerformanceAndHealth","endPoint":"none"},"starttime":{"classification":"SystemMetaData","purpose":"PerformanceAndHealth","endPoint":"none"},"timetakeninmilliseconds":{"classification":"SystemMetaData","purpose":"PerformanceAndHealth","endPoint":"none"},"versions.debugadaptercore":{"classification":"SystemMetaData","purpose":"FeatureInsight","endPoint":"none"},"versions.debugadapter":{"classification":"SystemMetaData","purpose":"FeatureInsight","endPoint":"none"},"versions.target.version":{"classification":"SystemMetaData","purpose":"FeatureInsight","endPoint":"none"}},"ms-vscode.node2/ClientRequest/continue":{"successful":{"classification":"SystemMetaData","purpose":"PerformanceAndHealth","endPoint":"none"},"exceptiontype":{"classification":"SystemMetaData","purpose":"PerformanceAndHealth","endPoint":"none"},"exceptionmessage":{"classification":"CallstackOrException","purpose":"PerformanceAndHealth","endPoint":"none"},"exceptionname":{"classification":"CallstackOrException","purpose":"PerformanceAndHealth","endPoint":"none"},"exceptionstack":{"classification":"CallstackOrException","purpose":"PerformanceAndHealth","endPoint":"none"},"exceptionid":{"classification":"CallstackOrException","purpose":"PerformanceAndHealth","endPoint":"none"},"starttime":{"classification":"SystemMetaData","purpose":"PerformanceAndHealth","endPoint":"none"},"timetakeninmilliseconds":{"classification":"SystemMetaData","purpose":"PerformanceAndHealth","endPoint":"none"},"versions.debugadaptercore":{"classification":"SystemMetaData","purpose":"FeatureInsight","endPoint":"none"},"versions.debugadapter":{"classification":"SystemMetaData","purpose":"FeatureInsight","endPoint":"none"},"versions.target.version":{"classification":"SystemMetaData","purpose":"FeatureInsight","endPoint":"none"}},"ms-vscode.node2/continueRequest":{"versions.debugadaptercore":{"classification":"SystemMetaData","purpose":"FeatureInsight","endPoint":"none"},"versions.debugadapter":{"classification":"SystemMetaData","purpose":"FeatureInsight","endPoint":"none"},"versions.target.version":{"classification":"SystemMetaData","purpose":"FeatureInsight","endPoint":"none"}},"ms-vscode.node2/ClientRequest/next":{"successful":{"classification":"SystemMetaData","purpose":"PerformanceAndHealth","endPoint":"none"},"exceptiontype":{"classification":"SystemMetaData","purpose":"PerformanceAndHealth","endPoint":"none"},"exceptionmessage":{"classification":"CallstackOrException","purpose":"PerformanceAndHealth","endPoint":"none"},"exceptionname":{"classification":"CallstackOrException","purpose":"PerformanceAndHealth","endPoint":"none"},"exceptionstack":{"classification":"CallstackOrException","purpose":"PerformanceAndHealth","endPoint":"none"},"exceptionid":{"classification":"CallstackOrException","purpose":"PerformanceAndHealth","endPoint":"none"},"starttime":{"classification":"SystemMetaData","purpose":"PerformanceAndHealth","endPoint":"none"},"timetakeninmilliseconds":{"classification":"SystemMetaData","purpose":"PerformanceAndHealth","endPoint":"none"},"versions.debugadaptercore":{"classification":"SystemMetaData","purpose":"FeatureInsight","endPoint":"none"},"versions.debugadapter":{"classification":"SystemMetaData","purpose":"FeatureInsight","endPoint":"none"},"versions.target.version":{"classification":"SystemMetaData","purpose":"FeatureInsight","endPoint":"none"}},"ms-vscode.node2/nextRequest":{"versions.debugadaptercore":{"classification":"SystemMetaData","purpose":"FeatureInsight","endPoint":"none"},"versions.debugadapter":{"classification":"SystemMetaData","purpose":"FeatureInsight","endPoint":"none"},"versions.target.version":{"classification":"SystemMetaData","purpose":"FeatureInsight","endPoint":"none"}},"ms-vscode.node2/ClientRequest/stepIn":{"successful":{"classification":"SystemMetaData","purpose":"PerformanceAndHealth","endPoint":"none"},"exceptiontype":{"classification":"SystemMetaData","purpose":"PerformanceAndHealth","endPoint":"none"},"exceptionmessage":{"classification":"CallstackOrException","purpose":"PerformanceAndHealth","endPoint":"none"},"exceptionname":{"classification":"CallstackOrException","purpose":"PerformanceAndHealth","endPoint":"none"},"exceptionstack":{"classification":"CallstackOrException","purpose":"PerformanceAndHealth","endPoint":"none"},"exceptionid":{"classification":"CallstackOrException","purpose":"PerformanceAndHealth","endPoint":"none"},"starttime":{"classification":"SystemMetaData","purpose":"PerformanceAndHealth","endPoint":"none"},"timetakeninmilliseconds":{"classification":"SystemMetaData","purpose":"PerformanceAndHealth","endPoint":"none"},"versions.debugadaptercore":{"classification":"SystemMetaData","purpose":"FeatureInsight","endPoint":"none"},"versions.debugadapter":{"classification":"SystemMetaData","purpose":"FeatureInsight","endPoint":"none"},"versions.target.version":{"classification":"SystemMetaData","purpose":"FeatureInsight","endPoint":"none"}},"ms-vscode.node2/stepInRequest":{"versions.debugadaptercore":{"classification":"SystemMetaData","purpose":"FeatureInsight","endPoint":"none"},"versions.debugadapter":{"classification":"SystemMetaData","purpose":"FeatureInsight","endPoint":"none"},"versions.target.version":{"classification":"SystemMetaData","purpose":"FeatureInsight","endPoint":"none"}},"ms-vscode.node2/ClientRequest/stepOut":{"successful":{"classification":"SystemMetaData","purpose":"PerformanceAndHealth","endPoint":"none"},"exceptiontype":{"classification":"SystemMetaData","purpose":"PerformanceAndHealth","endPoint":"none"},"exceptionmessage":{"classification":"CallstackOrException","purpose":"PerformanceAndHealth","endPoint":"none"},"exceptionname":{"classification":"CallstackOrException","purpose":"PerformanceAndHealth","endPoint":"none"},"exceptionstack":{"classification":"CallstackOrException","purpose":"PerformanceAndHealth","endPoint":"none"},"exceptionid":{"classification":"CallstackOrException","purpose":"PerformanceAndHealth","endPoint":"none"},"starttime":{"classification":"SystemMetaData","purpose":"PerformanceAndHealth","endPoint":"none"},"timetakeninmilliseconds":{"classification":"SystemMetaData","purpose":"PerformanceAndHealth","endPoint":"none"},"versions.debugadaptercore":{"classification":"SystemMetaData","purpose":"FeatureInsight","endPoint":"none"},"versions.debugadapter":{"classification":"SystemMetaData","purpose":"FeatureInsight","endPoint":"none"},"versions.target.version":{"classification":"SystemMetaData","purpose":"FeatureInsight","endPoint":"none"}},"ms-vscode.node2/stepOutRequest":{"versions.debugadaptercore":{"classification":"SystemMetaData","purpose":"FeatureInsight","endPoint":"none"},"versions.debugadapter":{"classification":"SystemMetaData","purpose":"FeatureInsight","endPoint":"none"},"versions.target.version":{"classification":"SystemMetaData","purpose":"FeatureInsight","endPoint":"none"}},"ms-vscode.node2/ClientRequest/stepBack":{"successful":{"classification":"SystemMetaData","purpose":"PerformanceAndHealth","endPoint":"none"},"exceptiontype":{"classification":"SystemMetaData","purpose":"PerformanceAndHealth","endPoint":"none"},"exceptionmessage":{"classification":"CallstackOrException","purpose":"PerformanceAndHealth","endPoint":"none"},"exceptionname":{"classification":"CallstackOrException","purpose":"PerformanceAndHealth","endPoint":"none"},"exceptionstack":{"classification":"CallstackOrException","purpose":"PerformanceAndHealth","endPoint":"none"},"exceptionid":{"classification":"CallstackOrException","purpose":"PerformanceAndHealth","endPoint":"none"},"starttime":{"classification":"SystemMetaData","purpose":"PerformanceAndHealth","endPoint":"none"},"timetakeninmilliseconds":{"classification":"SystemMetaData","purpose":"PerformanceAndHealth","endPoint":"none"},"versions.debugadaptercore":{"classification":"SystemMetaData","purpose":"FeatureInsight","endPoint":"none"},"versions.debugadapter":{"classification":"SystemMetaData","purpose":"FeatureInsight","endPoint":"none"},"versions.target.version":{"classification":"SystemMetaData","purpose":"FeatureInsight","endPoint":"none"}},"ms-vscode.node2/ClientRequest/reverseContinue":{"successful":{"classification":"SystemMetaData","purpose":"PerformanceAndHealth","endPoint":"none"},"exceptiontype":{"classification":"SystemMetaData","purpose":"PerformanceAndHealth","endPoint":"none"},"exceptionmessage":{"classification":"CallstackOrException","purpose":"PerformanceAndHealth","endPoint":"none"},"exceptionname":{"classification":"CallstackOrException","purpose":"PerformanceAndHealth","endPoint":"none"},"exceptionstack":{"classification":"CallstackOrException","purpose":"PerformanceAndHealth","endPoint":"none"},"exceptionid":{"classification":"CallstackOrException","purpose":"PerformanceAndHealth","endPoint":"none"},"starttime":{"classification":"SystemMetaData","purpose":"PerformanceAndHealth","endPoint":"none"},"timetakeninmilliseconds":{"classification":"SystemMetaData","purpose":"PerformanceAndHealth","endPoint":"none"},"versions.debugadaptercore":{"classification":"SystemMetaData","purpose":"FeatureInsight","endPoint":"none"},"versions.debugadapter":{"classification":"SystemMetaData","purpose":"FeatureInsight","endPoint":"none"},"versions.target.version":{"classification":"SystemMetaData","purpose":"FeatureInsight","endPoint":"none"}},"ms-vscode.node2/ClientRequest/pause":{"successful":{"classification":"SystemMetaData","purpose":"PerformanceAndHealth","endPoint":"none"},"exceptiontype":{"classification":"SystemMetaData","purpose":"PerformanceAndHealth","endPoint":"none"},"exceptionmessage":{"classification":"CallstackOrException","purpose":"PerformanceAndHealth","endPoint":"none"},"exceptionname":{"classification":"CallstackOrException","purpose":"PerformanceAndHealth","endPoint":"none"},"exceptionstack":{"classification":"CallstackOrException","purpose":"PerformanceAndHealth","endPoint":"none"},"exceptionid":{"classification":"CallstackOrException","purpose":"PerformanceAndHealth","endPoint":"none"},"starttime":{"classification":"SystemMetaData","purpose":"PerformanceAndHealth","endPoint":"none"},"timetakeninmilliseconds":{"classification":"SystemMetaData","purpose":"PerformanceAndHealth","endPoint":"none"},"versions.debugadaptercore":{"classification":"SystemMetaData","purpose":"FeatureInsight","endPoint":"none"},"versions.debugadapter":{"classification":"SystemMetaData","purpose":"FeatureInsight","endPoint":"none"},"versions.target.version":{"classification":"SystemMetaData","purpose":"FeatureInsight","endPoint":"none"}},"ms-vscode.node2/pauseRequest":{"versions.debugadaptercore":{"classification":"SystemMetaData","purpose":"FeatureInsight","endPoint":"none"},"versions.debugadapter":{"classification":"SystemMetaData","purpose":"FeatureInsight","endPoint":"none"},"versions.target.version":{"classification":"SystemMetaData","purpose":"FeatureInsight","endPoint":"none"}},"ms-vscode.node2/ClientRequest/stackTrace":{"successful":{"classification":"SystemMetaData","purpose":"PerformanceAndHealth","endPoint":"none"},"exceptiontype":{"classification":"SystemMetaData","purpose":"PerformanceAndHealth","endPoint":"none"},"exceptionmessage":{"classification":"CallstackOrException","purpose":"PerformanceAndHealth","endPoint":"none"},"exceptionname":{"classification":"CallstackOrException","purpose":"PerformanceAndHealth","endPoint":"none"},"exceptionstack":{"classification":"CallstackOrException","purpose":"PerformanceAndHealth","endPoint":"none"},"exceptionid":{"classification":"CallstackOrException","purpose":"PerformanceAndHealth","endPoint":"none"},"starttime":{"classification":"SystemMetaData","purpose":"PerformanceAndHealth","endPoint":"none"},"timetakeninmilliseconds":{"classification":"SystemMetaData","purpose":"PerformanceAndHealth","endPoint":"none"},"versions.debugadaptercore":{"classification":"SystemMetaData","purpose":"FeatureInsight","endPoint":"none"},"versions.debugadapter":{"classification":"SystemMetaData","purpose":"FeatureInsight","endPoint":"none"},"versions.target.version":{"classification":"SystemMetaData","purpose":"FeatureInsight","endPoint":"none"}},"ms-vscode.node2/ClientRequest/scopes":{"successful":{"classification":"SystemMetaData","purpose":"PerformanceAndHealth","endPoint":"none"},"exceptiontype":{"classification":"SystemMetaData","purpose":"PerformanceAndHealth","endPoint":"none"},"exceptionmessage":{"classification":"CallstackOrException","purpose":"PerformanceAndHealth","endPoint":"none"},"exceptionname":{"classification":"CallstackOrException","purpose":"PerformanceAndHealth","endPoint":"none"},"exceptionstack":{"classification":"CallstackOrException","purpose":"PerformanceAndHealth","endPoint":"none"},"exceptionid":{"classification":"CallstackOrException","purpose":"PerformanceAndHealth","endPoint":"none"},"starttime":{"classification":"SystemMetaData","purpose":"PerformanceAndHealth","endPoint":"none"},"timetakeninmilliseconds":{"classification":"SystemMetaData","purpose":"PerformanceAndHealth","endPoint":"none"},"versions.debugadaptercore":{"classification":"SystemMetaData","purpose":"FeatureInsight","endPoint":"none"},"versions.debugadapter":{"classification":"SystemMetaData","purpose":"FeatureInsight","endPoint":"none"},"versions.target.version":{"classification":"SystemMetaData","purpose":"FeatureInsight","endPoint":"none"}},"ms-vscode.node2/ClientRequest/variables":{"successful":{"classification":"SystemMetaData","purpose":"PerformanceAndHealth","endPoint":"none"},"exceptiontype":{"classification":"SystemMetaData","purpose":"PerformanceAndHealth","endPoint":"none"},"exceptionmessage":{"classification":"CallstackOrException","purpose":"PerformanceAndHealth","endPoint":"none"},"exceptionname":{"classification":"CallstackOrException","purpose":"PerformanceAndHealth","endPoint":"none"},"exceptionstack":{"classification":"CallstackOrException","purpose":"PerformanceAndHealth","endPoint":"none"},"exceptionid":{"classification":"CallstackOrException","purpose":"PerformanceAndHealth","endPoint":"none"},"starttime":{"classification":"SystemMetaData","purpose":"PerformanceAndHealth","endPoint":"none"},"timetakeninmilliseconds":{"classification":"SystemMetaData","purpose":"PerformanceAndHealth","endPoint":"none"},"versions.debugadaptercore":{"classification":"SystemMetaData","purpose":"FeatureInsight","endPoint":"none"},"versions.debugadapter":{"classification":"SystemMetaData","purpose":"FeatureInsight","endPoint":"none"},"versions.target.version":{"classification":"SystemMetaData","purpose":"FeatureInsight","endPoint":"none"}},"ms-vscode.node2/ClientRequest/source":{"successful":{"classification":"SystemMetaData","purpose":"PerformanceAndHealth","endPoint":"none"},"exceptiontype":{"classification":"SystemMetaData","purpose":"PerformanceAndHealth","endPoint":"none"},"exceptionmessage":{"classification":"CallstackOrException","purpose":"PerformanceAndHealth","endPoint":"none"},"exceptionname":{"classification":"CallstackOrException","purpose":"PerformanceAndHealth","endPoint":"none"},"exceptionstack":{"classification":"CallstackOrException","purpose":"PerformanceAndHealth","endPoint":"none"},"exceptionid":{"classification":"CallstackOrException","purpose":"PerformanceAndHealth","endPoint":"none"},"starttime":{"classification":"SystemMetaData","purpose":"PerformanceAndHealth","endPoint":"none"},"timetakeninmilliseconds":{"classification":"SystemMetaData","purpose":"PerformanceAndHealth","endPoint":"none"},"versions.debugadaptercore":{"classification":"SystemMetaData","purpose":"FeatureInsight","endPoint":"none"},"versions.debugadapter":{"classification":"SystemMetaData","purpose":"FeatureInsight","endPoint":"none"},"versions.target.version":{"classification":"SystemMetaData","purpose":"FeatureInsight","endPoint":"none"}},"ms-vscode.node2/ClientRequest/threads":{"successful":{"classification":"SystemMetaData","purpose":"PerformanceAndHealth","endPoint":"none"},"exceptiontype":{"classification":"SystemMetaData","purpose":"PerformanceAndHealth","endPoint":"none"},"exceptionmessage":{"classification":"CallstackOrException","purpose":"PerformanceAndHealth","endPoint":"none"},"exceptionname":{"classification":"CallstackOrException","purpose":"PerformanceAndHealth","endPoint":"none"},"exceptionstack":{"classification":"CallstackOrException","purpose":"PerformanceAndHealth","endPoint":"none"},"exceptionid":{"classification":"CallstackOrException","purpose":"PerformanceAndHealth","endPoint":"none"},"starttime":{"classification":"SystemMetaData","purpose":"PerformanceAndHealth","endPoint":"none"},"timetakeninmilliseconds":{"classification":"SystemMetaData","purpose":"PerformanceAndHealth","endPoint":"none"},"versions.debugadaptercore":{"classification":"SystemMetaData","purpose":"FeatureInsight","endPoint":"none"},"versions.debugadapter":{"classification":"SystemMetaData","purpose":"FeatureInsight","endPoint":"none"},"versions.target.version":{"classification":"SystemMetaData","purpose":"FeatureInsight","endPoint":"none"}},"ms-vscode.node2/ClientRequest/evaluate":{"successful":{"classification":"SystemMetaData","purpose":"PerformanceAndHealth","endPoint":"none"},"exceptiontype":{"classification":"SystemMetaData","purpose":"PerformanceAndHealth","endPoint":"none"},"exceptionmessage":{"classification":"CallstackOrException","purpose":"PerformanceAndHealth","endPoint":"none"},"exceptionname":{"classification":"CallstackOrException","purpose":"PerformanceAndHealth","endPoint":"none"},"exceptionstack":{"classification":"CallstackOrException","purpose":"PerformanceAndHealth","endPoint":"none"},"exceptionid":{"classification":"CallstackOrException","purpose":"PerformanceAndHealth","endPoint":"none"},"starttime":{"classification":"SystemMetaData","purpose":"PerformanceAndHealth","endPoint":"none"},"timetakeninmilliseconds":{"classification":"SystemMetaData","purpose":"PerformanceAndHealth","endPoint":"none"},"versions.debugadaptercore":{"classification":"SystemMetaData","purpose":"FeatureInsight","endPoint":"none"},"versions.debugadapter":{"classification":"SystemMetaData","purpose":"FeatureInsight","endPoint":"none"},"versions.target.version":{"classification":"SystemMetaData","purpose":"FeatureInsight","endPoint":"none"}},"ms-vscode.node2/ClientRequest/setVariable":{"successful":{"classification":"SystemMetaData","purpose":"PerformanceAndHealth","endPoint":"none"},"exceptiontype":{"classification":"SystemMetaData","purpose":"PerformanceAndHealth","endPoint":"none"},"exceptionmessage":{"classification":"CallstackOrException","purpose":"PerformanceAndHealth","endPoint":"none"},"exceptionname":{"classification":"CallstackOrException","purpose":"PerformanceAndHealth","endPoint":"none"},"exceptionstack":{"classification":"CallstackOrException","purpose":"PerformanceAndHealth","endPoint":"none"},"exceptionid":{"classification":"CallstackOrException","purpose":"PerformanceAndHealth","endPoint":"none"},"starttime":{"classification":"SystemMetaData","purpose":"PerformanceAndHealth","endPoint":"none"},"timetakeninmilliseconds":{"classification":"SystemMetaData","purpose":"PerformanceAndHealth","endPoint":"none"},"versions.debugadaptercore":{"classification":"SystemMetaData","purpose":"FeatureInsight","endPoint":"none"},"versions.debugadapter":{"classification":"SystemMetaData","purpose":"FeatureInsight","endPoint":"none"},"versions.target.version":{"classification":"SystemMetaData","purpose":"FeatureInsight","endPoint":"none"}},"ms-vscode.node2/ClientRequest/restartFrame":{"successful":{"classification":"SystemMetaData","purpose":"PerformanceAndHealth","endPoint":"none"},"exceptiontype":{"classification":"SystemMetaData","purpose":"PerformanceAndHealth","endPoint":"none"},"exceptionmessage":{"classification":"CallstackOrException","purpose":"PerformanceAndHealth","endPoint":"none"},"exceptionname":{"classification":"CallstackOrException","purpose":"PerformanceAndHealth","endPoint":"none"},"exceptionstack":{"classification":"CallstackOrException","purpose":"PerformanceAndHealth","endPoint":"none"},"exceptionid":{"classification":"CallstackOrException","purpose":"PerformanceAndHealth","endPoint":"none"},"starttime":{"classification":"SystemMetaData","purpose":"PerformanceAndHealth","endPoint":"none"},"timetakeninmilliseconds":{"classification":"SystemMetaData","purpose":"PerformanceAndHealth","endPoint":"none"},"versions.debugadaptercore":{"classification":"SystemMetaData","purpose":"FeatureInsight","endPoint":"none"},"versions.debugadapter":{"classification":"SystemMetaData","purpose":"FeatureInsight","endPoint":"none"},"versions.target.version":{"classification":"SystemMetaData","purpose":"FeatureInsight","endPoint":"none"}},"ms-vscode.node2/ClientRequest/completions":{"successful":{"classification":"SystemMetaData","purpose":"PerformanceAndHealth","endPoint":"none"},"exceptiontype":{"classification":"SystemMetaData","purpose":"PerformanceAndHealth","endPoint":"none"},"exceptionmessage":{"classification":"CallstackOrException","purpose":"PerformanceAndHealth","endPoint":"none"},"exceptionname":{"classification":"CallstackOrException","purpose":"PerformanceAndHealth","endPoint":"none"},"exceptionstack":{"classification":"CallstackOrException","purpose":"PerformanceAndHealth","endPoint":"none"},"exceptionid":{"classification":"CallstackOrException","purpose":"PerformanceAndHealth","endPoint":"none"},"starttime":{"classification":"SystemMetaData","purpose":"PerformanceAndHealth","endPoint":"none"},"timetakeninmilliseconds":{"classification":"SystemMetaData","purpose":"PerformanceAndHealth","endPoint":"none"},"versions.debugadaptercore":{"classification":"SystemMetaData","purpose":"FeatureInsight","endPoint":"none"},"versions.debugadapter":{"classification":"SystemMetaData","purpose":"FeatureInsight","endPoint":"none"},"versions.target.version":{"classification":"SystemMetaData","purpose":"FeatureInsight","endPoint":"none"}},"ms-vscode.node2/nodeVersion":{"version":{"classification":"SystemMetaData","purpose":"FeatureInsight","endPoint":"none"},"versions.debugadaptercore":{"classification":"SystemMetaData","purpose":"FeatureInsight","endPoint":"none"},"versions.debugadapter":{"classification":"SystemMetaData","purpose":"FeatureInsight","endPoint":"none"},"versions.target.version":{"classification":"SystemMetaData","purpose":"FeatureInsight","endPoint":"none"}},"ms-vscode.node2/debugProtocolErrorResponse":{"error":{"classification":"CallstackOrException","purpose":"PerformanceAndHealth"}},"ms-vscode.node2/optinstatus":{"optin":{"classification":"SystemMetaData","purpose":"BusinessInsight","isMeasurement":true}},"ms-vscode.node/error-while-adding-custom-global-property":{"successful":{"classification":"SystemMetaData","purpose":"PerformanceAndHealth","endPoint":"none"},"exceptiontype":{"classification":"SystemMetaData","purpose":"PerformanceAndHealth","endPoint":"none"},"exceptionmessage":{"classification":"CallstackOrException","purpose":"PerformanceAndHealth","endPoint":"none"},"exceptionname":{"classification":"CallstackOrException","purpose":"PerformanceAndHealth","endPoint":"none"},"exceptionstack":{"classification":"CallstackOrException","purpose":"PerformanceAndHealth","endPoint":"none"},"exceptionid":{"classification":"CallstackOrException","purpose":"PerformanceAndHealth","endPoint":"none"},"starttime":{"classification":"SystemMetaData","purpose":"PerformanceAndHealth","endPoint":"none"},"timetakeninmilliseconds":{"classification":"SystemMetaData","purpose":"PerformanceAndHealth","endPoint":"none"}},"ms-vscode.node/error":{"successful":{"classification":"SystemMetaData","purpose":"PerformanceAndHealth","endPoint":"none"},"exceptiontype":{"classification":"SystemMetaData","purpose":"PerformanceAndHealth","endPoint":"none"},"exceptionmessage":{"classification":"CallstackOrException","purpose":"PerformanceAndHealth","endPoint":"none"},"exceptionname":{"classification":"CallstackOrException","purpose":"PerformanceAndHealth","endPoint":"none"},"exceptionstack":{"classification":"CallstackOrException","purpose":"PerformanceAndHealth","endPoint":"none"},"exceptionid":{"classification":"CallstackOrException","purpose":"PerformanceAndHealth","endPoint":"none"},"starttime":{"classification":"SystemMetaData","purpose":"PerformanceAndHealth","endPoint":"none"},"timetakeninmilliseconds":{"classification":"SystemMetaData","purpose":"PerformanceAndHealth","endPoint":"none"},"versions.debugadaptercore":{"classification":"SystemMetaData","purpose":"FeatureInsight","endPoint":"none"}},"ms-vscode.node/report-start-up-timings":{"requestedcontentwasnotdetectedreason":{"classification":"SystemMetaData","purpose":"FeatureInsight","endPoint":"none"},"steps":{"classification":"SystemMetaData","purpose":"FeatureInsight","endPoint":"none"},"all":{"classification":"SystemMetaData","purpose":"FeatureInsight","endPoint":"none"},"${wildcard}":[{"${prefix}":"request.","${classification}":{"classification":"SystemMetaData","purpose":"FeatureInsight","endPoint":"none"}},{"${prefix}":"waitingafter","${classification}":{"classification":"SystemMetaData","purpose":"FeatureInsight","endPoint":"none"}}],"beforefirststep":{"classification":"SystemMetaData","purpose":"FeatureInsight","endPoint":"none"},"afterlaststep":{"classification":"SystemMetaData","purpose":"FeatureInsight","endPoint":"none"},"attach.requestdebuggertargetsinformation":{"classification":"SystemMetaData","purpose":"FeatureInsight","endPoint":"none"},"attach.processdebuggertargetsinformation":{"classification":"SystemMetaData","purpose":"FeatureInsight","endPoint":"none"},"attach.attachtotargetdebuggerwebsocket":{"classification":"SystemMetaData","purpose":"FeatureInsight","endPoint":"none"},"attach":{"classification":"SystemMetaData","purpose":"FeatureInsight","endPoint":"none"},"attach.configuredebuggingsession.internal":{"classification":"SystemMetaData","purpose":"FeatureInsight","endPoint":"none"},"attach.configuredebuggingsession.target":{"classification":"SystemMetaData","purpose":"FeatureInsight","endPoint":"none"},"attach.configuredebuggingsession.end":{"classification":"SystemMetaData","purpose":"FeatureInsight","endPoint":"none"},"versions.debugadaptercore":{"classification":"SystemMetaData","purpose":"FeatureInsight","endPoint":"none"}},"ms-vscode.node/targetCount":{"numtargets":{"classification":"SystemMetaData","purpose":"FeatureInsight","endPoint":"none","isMeasurement":true},"versions.debugadaptercore":{"classification":"SystemMetaData","purpose":"FeatureInsight","endPoint":"none"}},"ms-vscode.node/targetDebugProtocolVersion":{"debugprotocolversion":{"classification":"SystemMetaData","purpose":"FeatureInsight","endPoint":"none"},"versions.debugadaptercore":{"classification":"SystemMetaData","purpose":"FeatureInsight","endPoint":"none"}},"ms-vscode.node/ClientRequest/initialize":{"successful":{"classification":"SystemMetaData","purpose":"PerformanceAndHealth","endPoint":"none"},"exceptiontype":{"classification":"SystemMetaData","purpose":"PerformanceAndHealth","endPoint":"none"},"exceptionmessage":{"classification":"CallstackOrException","purpose":"PerformanceAndHealth","endPoint":"none"},"exceptionname":{"classification":"CallstackOrException","purpose":"PerformanceAndHealth","endPoint":"none"},"exceptionstack":{"classification":"CallstackOrException","purpose":"PerformanceAndHealth","endPoint":"none"},"exceptionid":{"classification":"CallstackOrException","purpose":"PerformanceAndHealth","endPoint":"none"},"starttime":{"classification":"SystemMetaData","purpose":"PerformanceAndHealth","endPoint":"none"},"timetakeninmilliseconds":{"classification":"SystemMetaData","purpose":"PerformanceAndHealth","endPoint":"none"},"versions.debugadaptercore":{"classification":"SystemMetaData","purpose":"FeatureInsight","endPoint":"none"}},"ms-vscode.node/ClientRequest/configurationDone":{"successful":{"classification":"SystemMetaData","purpose":"PerformanceAndHealth","endPoint":"none"},"exceptiontype":{"classification":"SystemMetaData","purpose":"PerformanceAndHealth","endPoint":"none"},"exceptionmessage":{"classification":"CallstackOrException","purpose":"PerformanceAndHealth","endPoint":"none"},"exceptionname":{"classification":"CallstackOrException","purpose":"PerformanceAndHealth","endPoint":"none"},"exceptionstack":{"classification":"CallstackOrException","purpose":"PerformanceAndHealth","endPoint":"none"},"exceptionid":{"classification":"CallstackOrException","purpose":"PerformanceAndHealth","endPoint":"none"},"starttime":{"classification":"SystemMetaData","purpose":"PerformanceAndHealth","endPoint":"none"},"timetakeninmilliseconds":{"classification":"SystemMetaData","purpose":"PerformanceAndHealth","endPoint":"none"},"versions.debugadaptercore":{"classification":"SystemMetaData","purpose":"FeatureInsight","endPoint":"none"}},"ms-vscode.node/ClientRequest/launch":{"successful":{"classification":"SystemMetaData","purpose":"PerformanceAndHealth","endPoint":"none"},"exceptiontype":{"classification":"SystemMetaData","purpose":"PerformanceAndHealth","endPoint":"none"},"exceptionmessage":{"classification":"CallstackOrException","purpose":"PerformanceAndHealth","endPoint":"none"},"exceptionname":{"classification":"CallstackOrException","purpose":"PerformanceAndHealth","endPoint":"none"},"exceptionstack":{"classification":"CallstackOrException","purpose":"PerformanceAndHealth","endPoint":"none"},"exceptionid":{"classification":"CallstackOrException","purpose":"PerformanceAndHealth","endPoint":"none"},"starttime":{"classification":"SystemMetaData","purpose":"PerformanceAndHealth","endPoint":"none"},"timetakeninmilliseconds":{"classification":"SystemMetaData","purpose":"PerformanceAndHealth","endPoint":"none"},"versions.debugadaptercore":{"classification":"SystemMetaData","purpose":"FeatureInsight","endPoint":"none"}},"ms-vscode.node/debugStarted":{"request":{"classification":"SystemMetaData","purpose":"FeatureInsight","endPoint":"none"},"args":{"classification":"SystemMetaData","purpose":"FeatureInsight","endPoint":"none"},"versions.debugadaptercore":{"classification":"SystemMetaData","purpose":"FeatureInsight","endPoint":"none"}},"ms-vscode.node/ClientRequest/attach":{"successful":{"classification":"SystemMetaData","purpose":"PerformanceAndHealth","endPoint":"none"},"exceptiontype":{"classification":"SystemMetaData","purpose":"PerformanceAndHealth","endPoint":"none"},"exceptionmessage":{"classification":"CallstackOrException","purpose":"PerformanceAndHealth","endPoint":"none"},"exceptionname":{"classification":"CallstackOrException","purpose":"PerformanceAndHealth","endPoint":"none"},"exceptionstack":{"classification":"CallstackOrException","purpose":"PerformanceAndHealth","endPoint":"none"},"exceptionid":{"classification":"CallstackOrException","purpose":"PerformanceAndHealth","endPoint":"none"},"starttime":{"classification":"SystemMetaData","purpose":"PerformanceAndHealth","endPoint":"none"},"timetakeninmilliseconds":{"classification":"SystemMetaData","purpose":"PerformanceAndHealth","endPoint":"none"},"versions.debugadaptercore":{"classification":"SystemMetaData","purpose":"FeatureInsight","endPoint":"none"}},"ms-vscode.node/debugStopped":{"reason":{"classification":"SystemMetaData","purpose":"FeatureInsight","endPoint":"none"},"versions.debugadaptercore":{"classification":"SystemMetaData","purpose":"FeatureInsight","endPoint":"none"}},"ms-vscode.node/target/notification/onPaused":{"successful":{"classification":"SystemMetaData","purpose":"PerformanceAndHealth","endPoint":"none"},"exceptiontype":{"classification":"SystemMetaData","purpose":"PerformanceAndHealth","endPoint":"none"},"exceptionmessage":{"classification":"CallstackOrException","purpose":"PerformanceAndHealth","endPoint":"none"},"exceptionname":{"classification":"CallstackOrException","purpose":"PerformanceAndHealth","endPoint":"none"},"exceptionstack":{"classification":"CallstackOrException","purpose":"PerformanceAndHealth","endPoint":"none"},"exceptionid":{"classification":"CallstackOrException","purpose":"PerformanceAndHealth","endPoint":"none"},"starttime":{"classification":"SystemMetaData","purpose":"PerformanceAndHealth","endPoint":"none"},"timetakeninmilliseconds":{"classification":"SystemMetaData","purpose":"PerformanceAndHealth","endPoint":"none"},"versions.debugadaptercore":{"classification":"SystemMetaData","purpose":"FeatureInsight","endPoint":"none"}},"ms-vscode.node/target/notification/onScriptParsed":{"successful":{"classification":"SystemMetaData","purpose":"PerformanceAndHealth","endPoint":"none"},"exceptiontype":{"classification":"SystemMetaData","purpose":"PerformanceAndHealth","endPoint":"none"},"exceptionmessage":{"classification":"CallstackOrException","purpose":"PerformanceAndHealth","endPoint":"none"},"exceptionname":{"classification":"CallstackOrException","purpose":"PerformanceAndHealth","endPoint":"none"},"exceptionstack":{"classification":"CallstackOrException","purpose":"PerformanceAndHealth","endPoint":"none"},"exceptionid":{"classification":"CallstackOrException","purpose":"PerformanceAndHealth","endPoint":"none"},"starttime":{"classification":"SystemMetaData","purpose":"PerformanceAndHealth","endPoint":"none"},"timetakeninmilliseconds":{"classification":"SystemMetaData","purpose":"PerformanceAndHealth","endPoint":"none"},"versions.debugadaptercore":{"classification":"SystemMetaData","purpose":"FeatureInsight","endPoint":"none"}},"ms-vscode.node/ClientRequest/exceptionInfo":{"successful":{"classification":"SystemMetaData","purpose":"PerformanceAndHealth","endPoint":"none"},"exceptiontype":{"classification":"SystemMetaData","purpose":"PerformanceAndHealth","endPoint":"none"},"exceptionmessage":{"classification":"CallstackOrException","purpose":"PerformanceAndHealth","endPoint":"none"},"exceptionname":{"classification":"CallstackOrException","purpose":"PerformanceAndHealth","endPoint":"none"},"exceptionstack":{"classification":"CallstackOrException","purpose":"PerformanceAndHealth","endPoint":"none"},"exceptionid":{"classification":"CallstackOrException","purpose":"PerformanceAndHealth","endPoint":"none"},"starttime":{"classification":"SystemMetaData","purpose":"PerformanceAndHealth","endPoint":"none"},"timetakeninmilliseconds":{"classification":"SystemMetaData","purpose":"PerformanceAndHealth","endPoint":"none"},"versions.debugadaptercore":{"classification":"SystemMetaData","purpose":"FeatureInsight","endPoint":"none"}},"ms-vscode.node/ClientRequest/toggleSmartStep":{"successful":{"classification":"SystemMetaData","purpose":"PerformanceAndHealth","endPoint":"none"},"exceptiontype":{"classification":"SystemMetaData","purpose":"PerformanceAndHealth","endPoint":"none"},"exceptionmessage":{"classification":"CallstackOrException","purpose":"PerformanceAndHealth","endPoint":"none"},"exceptionname":{"classification":"CallstackOrException","purpose":"PerformanceAndHealth","endPoint":"none"},"exceptionstack":{"classification":"CallstackOrException","purpose":"PerformanceAndHealth","endPoint":"none"},"exceptionid":{"classification":"CallstackOrException","purpose":"PerformanceAndHealth","endPoint":"none"},"starttime":{"classification":"SystemMetaData","purpose":"PerformanceAndHealth","endPoint":"none"},"timetakeninmilliseconds":{"classification":"SystemMetaData","purpose":"PerformanceAndHealth","endPoint":"none"},"versions.debugadaptercore":{"classification":"SystemMetaData","purpose":"FeatureInsight","endPoint":"none"}},"ms-vscode.node/ClientRequest/toggleSkipFileStatus":{"successful":{"classification":"SystemMetaData","purpose":"PerformanceAndHealth","endPoint":"none"},"exceptiontype":{"classification":"SystemMetaData","purpose":"PerformanceAndHealth","endPoint":"none"},"exceptionmessage":{"classification":"CallstackOrException","purpose":"PerformanceAndHealth","endPoint":"none"},"exceptionname":{"classification":"CallstackOrException","purpose":"PerformanceAndHealth","endPoint":"none"},"exceptionstack":{"classification":"CallstackOrException","purpose":"PerformanceAndHealth","endPoint":"none"},"exceptionid":{"classification":"CallstackOrException","purpose":"PerformanceAndHealth","endPoint":"none"},"starttime":{"classification":"SystemMetaData","purpose":"PerformanceAndHealth","endPoint":"none"},"timetakeninmilliseconds":{"classification":"SystemMetaData","purpose":"PerformanceAndHealth","endPoint":"none"},"versions.debugadaptercore":{"classification":"SystemMetaData","purpose":"FeatureInsight","endPoint":"none"}},"ms-vscode.node/ClientRequest/loadedSources":{"successful":{"classification":"SystemMetaData","purpose":"PerformanceAndHealth","endPoint":"none"},"exceptiontype":{"classification":"SystemMetaData","purpose":"PerformanceAndHealth","endPoint":"none"},"exceptionmessage":{"classification":"CallstackOrException","purpose":"PerformanceAndHealth","endPoint":"none"},"exceptionname":{"classification":"CallstackOrException","purpose":"PerformanceAndHealth","endPoint":"none"},"exceptionstack":{"classification":"CallstackOrException","purpose":"PerformanceAndHealth","endPoint":"none"},"exceptionid":{"classification":"CallstackOrException","purpose":"PerformanceAndHealth","endPoint":"none"},"starttime":{"classification":"SystemMetaData","purpose":"PerformanceAndHealth","endPoint":"none"},"timetakeninmilliseconds":{"classification":"SystemMetaData","purpose":"PerformanceAndHealth","endPoint":"none"},"versions.debugadaptercore":{"classification":"SystemMetaData","purpose":"FeatureInsight","endPoint":"none"}},"ms-vscode.node/ClientRequest/disconnect":{"successful":{"classification":"SystemMetaData","purpose":"PerformanceAndHealth","endPoint":"none"},"exceptiontype":{"classification":"SystemMetaData","purpose":"PerformanceAndHealth","endPoint":"none"},"exceptionmessage":{"classification":"CallstackOrException","purpose":"PerformanceAndHealth","endPoint":"none"},"exceptionname":{"classification":"CallstackOrException","purpose":"PerformanceAndHealth","endPoint":"none"},"exceptionstack":{"classification":"CallstackOrException","purpose":"PerformanceAndHealth","endPoint":"none"},"exceptionid":{"classification":"CallstackOrException","purpose":"PerformanceAndHealth","endPoint":"none"},"starttime":{"classification":"SystemMetaData","purpose":"PerformanceAndHealth","endPoint":"none"},"timetakeninmilliseconds":{"classification":"SystemMetaData","purpose":"PerformanceAndHealth","endPoint":"none"},"versions.debugadaptercore":{"classification":"SystemMetaData","purpose":"FeatureInsight","endPoint":"none"}},"ms-vscode.node/ClientRequest/setBreakpoints":{"successful":{"classification":"SystemMetaData","purpose":"PerformanceAndHealth","endPoint":"none"},"exceptiontype":{"classification":"SystemMetaData","purpose":"PerformanceAndHealth","endPoint":"none"},"exceptionmessage":{"classification":"CallstackOrException","purpose":"PerformanceAndHealth","endPoint":"none"},"exceptionname":{"classification":"CallstackOrException","purpose":"PerformanceAndHealth","endPoint":"none"},"exceptionstack":{"classification":"CallstackOrException","purpose":"PerformanceAndHealth","endPoint":"none"},"exceptionid":{"classification":"CallstackOrException","purpose":"PerformanceAndHealth","endPoint":"none"},"starttime":{"classification":"SystemMetaData","purpose":"PerformanceAndHealth","endPoint":"none"},"timetakeninmilliseconds":{"classification":"SystemMetaData","purpose":"PerformanceAndHealth","endPoint":"none"},"versions.debugadaptercore":{"classification":"SystemMetaData","purpose":"FeatureInsight","endPoint":"none"}},"ms-vscode.node/setBreakpointsRequest":{"fileext":{"classification":"CustomerContent","purpose":"FeatureInsight","endPoint":"none"},"versions.debugadaptercore":{"classification":"SystemMetaData","purpose":"FeatureInsight","endPoint":"none"}},"ms-vscode.node/ClientRequest/setExceptionBreakpoints":{"successful":{"classification":"SystemMetaData","purpose":"PerformanceAndHealth","endPoint":"none"},"exceptiontype":{"classification":"SystemMetaData","purpose":"PerformanceAndHealth","endPoint":"none"},"exceptionmessage":{"classification":"CallstackOrException","purpose":"PerformanceAndHealth","endPoint":"none"},"exceptionname":{"classification":"CallstackOrException","purpose":"PerformanceAndHealth","endPoint":"none"},"exceptionstack":{"classification":"CallstackOrException","purpose":"PerformanceAndHealth","endPoint":"none"},"exceptionid":{"classification":"CallstackOrException","purpose":"PerformanceAndHealth","endPoint":"none"},"starttime":{"classification":"SystemMetaData","purpose":"PerformanceAndHealth","endPoint":"none"},"timetakeninmilliseconds":{"classification":"SystemMetaData","purpose":"PerformanceAndHealth","endPoint":"none"},"versions.debugadaptercore":{"classification":"SystemMetaData","purpose":"FeatureInsight","endPoint":"none"}},"ms-vscode.node/ClientRequest/continue":{"successful":{"classification":"SystemMetaData","purpose":"PerformanceAndHealth","endPoint":"none"},"exceptiontype":{"classification":"SystemMetaData","purpose":"PerformanceAndHealth","endPoint":"none"},"exceptionmessage":{"classification":"CallstackOrException","purpose":"PerformanceAndHealth","endPoint":"none"},"exceptionname":{"classification":"CallstackOrException","purpose":"PerformanceAndHealth","endPoint":"none"},"exceptionstack":{"classification":"CallstackOrException","purpose":"PerformanceAndHealth","endPoint":"none"},"exceptionid":{"classification":"CallstackOrException","purpose":"PerformanceAndHealth","endPoint":"none"},"starttime":{"classification":"SystemMetaData","purpose":"PerformanceAndHealth","endPoint":"none"},"timetakeninmilliseconds":{"classification":"SystemMetaData","purpose":"PerformanceAndHealth","endPoint":"none"},"versions.debugadaptercore":{"classification":"SystemMetaData","purpose":"FeatureInsight","endPoint":"none"}},"ms-vscode.node/continueRequest":{"versions.debugadaptercore":{"classification":"SystemMetaData","purpose":"FeatureInsight","endPoint":"none"}},"ms-vscode.node/ClientRequest/next":{"successful":{"classification":"SystemMetaData","purpose":"PerformanceAndHealth","endPoint":"none"},"exceptiontype":{"classification":"SystemMetaData","purpose":"PerformanceAndHealth","endPoint":"none"},"exceptionmessage":{"classification":"CallstackOrException","purpose":"PerformanceAndHealth","endPoint":"none"},"exceptionname":{"classification":"CallstackOrException","purpose":"PerformanceAndHealth","endPoint":"none"},"exceptionstack":{"classification":"CallstackOrException","purpose":"PerformanceAndHealth","endPoint":"none"},"exceptionid":{"classification":"CallstackOrException","purpose":"PerformanceAndHealth","endPoint":"none"},"starttime":{"classification":"SystemMetaData","purpose":"PerformanceAndHealth","endPoint":"none"},"timetakeninmilliseconds":{"classification":"SystemMetaData","purpose":"PerformanceAndHealth","endPoint":"none"},"versions.debugadaptercore":{"classification":"SystemMetaData","purpose":"FeatureInsight","endPoint":"none"}},"ms-vscode.node/nextRequest":{"versions.debugadaptercore":{"classification":"SystemMetaData","purpose":"FeatureInsight","endPoint":"none"}},"ms-vscode.node/ClientRequest/stepIn":{"successful":{"classification":"SystemMetaData","purpose":"PerformanceAndHealth","endPoint":"none"},"exceptiontype":{"classification":"SystemMetaData","purpose":"PerformanceAndHealth","endPoint":"none"},"exceptionmessage":{"classification":"CallstackOrException","purpose":"PerformanceAndHealth","endPoint":"none"},"exceptionname":{"classification":"CallstackOrException","purpose":"PerformanceAndHealth","endPoint":"none"},"exceptionstack":{"classification":"CallstackOrException","purpose":"PerformanceAndHealth","endPoint":"none"},"exceptionid":{"classification":"CallstackOrException","purpose":"PerformanceAndHealth","endPoint":"none"},"starttime":{"classification":"SystemMetaData","purpose":"PerformanceAndHealth","endPoint":"none"},"timetakeninmilliseconds":{"classification":"SystemMetaData","purpose":"PerformanceAndHealth","endPoint":"none"},"versions.debugadaptercore":{"classification":"SystemMetaData","purpose":"FeatureInsight","endPoint":"none"}},"ms-vscode.node/stepInRequest":{"versions.debugadaptercore":{"classification":"SystemMetaData","purpose":"FeatureInsight","endPoint":"none"}},"ms-vscode.node/ClientRequest/stepOut":{"successful":{"classification":"SystemMetaData","purpose":"PerformanceAndHealth","endPoint":"none"},"exceptiontype":{"classification":"SystemMetaData","purpose":"PerformanceAndHealth","endPoint":"none"},"exceptionmessage":{"classification":"CallstackOrException","purpose":"PerformanceAndHealth","endPoint":"none"},"exceptionname":{"classification":"CallstackOrException","purpose":"PerformanceAndHealth","endPoint":"none"},"exceptionstack":{"classification":"CallstackOrException","purpose":"PerformanceAndHealth","endPoint":"none"},"exceptionid":{"classification":"CallstackOrException","purpose":"PerformanceAndHealth","endPoint":"none"},"starttime":{"classification":"SystemMetaData","purpose":"PerformanceAndHealth","endPoint":"none"},"timetakeninmilliseconds":{"classification":"SystemMetaData","purpose":"PerformanceAndHealth","endPoint":"none"},"versions.debugadaptercore":{"classification":"SystemMetaData","purpose":"FeatureInsight","endPoint":"none"}},"ms-vscode.node/stepOutRequest":{"versions.debugadaptercore":{"classification":"SystemMetaData","purpose":"FeatureInsight","endPoint":"none"}},"ms-vscode.node/ClientRequest/stepBack":{"successful":{"classification":"SystemMetaData","purpose":"PerformanceAndHealth","endPoint":"none"},"exceptiontype":{"classification":"SystemMetaData","purpose":"PerformanceAndHealth","endPoint":"none"},"exceptionmessage":{"classification":"CallstackOrException","purpose":"PerformanceAndHealth","endPoint":"none"},"exceptionname":{"classification":"CallstackOrException","purpose":"PerformanceAndHealth","endPoint":"none"},"exceptionstack":{"classification":"CallstackOrException","purpose":"PerformanceAndHealth","endPoint":"none"},"exceptionid":{"classification":"CallstackOrException","purpose":"PerformanceAndHealth","endPoint":"none"},"starttime":{"classification":"SystemMetaData","purpose":"PerformanceAndHealth","endPoint":"none"},"timetakeninmilliseconds":{"classification":"SystemMetaData","purpose":"PerformanceAndHealth","endPoint":"none"},"versions.debugadaptercore":{"classification":"SystemMetaData","purpose":"FeatureInsight","endPoint":"none"}},"ms-vscode.node/ClientRequest/reverseContinue":{"successful":{"classification":"SystemMetaData","purpose":"PerformanceAndHealth","endPoint":"none"},"exceptiontype":{"classification":"SystemMetaData","purpose":"PerformanceAndHealth","endPoint":"none"},"exceptionmessage":{"classification":"CallstackOrException","purpose":"PerformanceAndHealth","endPoint":"none"},"exceptionname":{"classification":"CallstackOrException","purpose":"PerformanceAndHealth","endPoint":"none"},"exceptionstack":{"classification":"CallstackOrException","purpose":"PerformanceAndHealth","endPoint":"none"},"exceptionid":{"classification":"CallstackOrException","purpose":"PerformanceAndHealth","endPoint":"none"},"starttime":{"classification":"SystemMetaData","purpose":"PerformanceAndHealth","endPoint":"none"},"timetakeninmilliseconds":{"classification":"SystemMetaData","purpose":"PerformanceAndHealth","endPoint":"none"},"versions.debugadaptercore":{"classification":"SystemMetaData","purpose":"FeatureInsight","endPoint":"none"}},"ms-vscode.node/ClientRequest/pause":{"successful":{"classification":"SystemMetaData","purpose":"PerformanceAndHealth","endPoint":"none"},"exceptiontype":{"classification":"SystemMetaData","purpose":"PerformanceAndHealth","endPoint":"none"},"exceptionmessage":{"classification":"CallstackOrException","purpose":"PerformanceAndHealth","endPoint":"none"},"exceptionname":{"classification":"CallstackOrException","purpose":"PerformanceAndHealth","endPoint":"none"},"exceptionstack":{"classification":"CallstackOrException","purpose":"PerformanceAndHealth","endPoint":"none"},"exceptionid":{"classification":"CallstackOrException","purpose":"PerformanceAndHealth","endPoint":"none"},"starttime":{"classification":"SystemMetaData","purpose":"PerformanceAndHealth","endPoint":"none"},"timetakeninmilliseconds":{"classification":"SystemMetaData","purpose":"PerformanceAndHealth","endPoint":"none"},"versions.debugadaptercore":{"classification":"SystemMetaData","purpose":"FeatureInsight","endPoint":"none"}},"ms-vscode.node/pauseRequest":{"versions.debugadaptercore":{"classification":"SystemMetaData","purpose":"FeatureInsight","endPoint":"none"}},"ms-vscode.node/ClientRequest/stackTrace":{"successful":{"classification":"SystemMetaData","purpose":"PerformanceAndHealth","endPoint":"none"},"exceptiontype":{"classification":"SystemMetaData","purpose":"PerformanceAndHealth","endPoint":"none"},"exceptionmessage":{"classification":"CallstackOrException","purpose":"PerformanceAndHealth","endPoint":"none"},"exceptionname":{"classification":"CallstackOrException","purpose":"PerformanceAndHealth","endPoint":"none"},"exceptionstack":{"classification":"CallstackOrException","purpose":"PerformanceAndHealth","endPoint":"none"},"exceptionid":{"classification":"CallstackOrException","purpose":"PerformanceAndHealth","endPoint":"none"},"starttime":{"classification":"SystemMetaData","purpose":"PerformanceAndHealth","endPoint":"none"},"timetakeninmilliseconds":{"classification":"SystemMetaData","purpose":"PerformanceAndHealth","endPoint":"none"},"versions.debugadaptercore":{"classification":"SystemMetaData","purpose":"FeatureInsight","endPoint":"none"}},"ms-vscode.node/ClientRequest/scopes":{"successful":{"classification":"SystemMetaData","purpose":"PerformanceAndHealth","endPoint":"none"},"exceptiontype":{"classification":"SystemMetaData","purpose":"PerformanceAndHealth","endPoint":"none"},"exceptionmessage":{"classification":"CallstackOrException","purpose":"PerformanceAndHealth","endPoint":"none"},"exceptionname":{"classification":"CallstackOrException","purpose":"PerformanceAndHealth","endPoint":"none"},"exceptionstack":{"classification":"CallstackOrException","purpose":"PerformanceAndHealth","endPoint":"none"},"exceptionid":{"classification":"CallstackOrException","purpose":"PerformanceAndHealth","endPoint":"none"},"starttime":{"classification":"SystemMetaData","purpose":"PerformanceAndHealth","endPoint":"none"},"timetakeninmilliseconds":{"classification":"SystemMetaData","purpose":"PerformanceAndHealth","endPoint":"none"},"versions.debugadaptercore":{"classification":"SystemMetaData","purpose":"FeatureInsight","endPoint":"none"}},"ms-vscode.node/ClientRequest/variables":{"successful":{"classification":"SystemMetaData","purpose":"PerformanceAndHealth","endPoint":"none"},"exceptiontype":{"classification":"SystemMetaData","purpose":"PerformanceAndHealth","endPoint":"none"},"exceptionmessage":{"classification":"CallstackOrException","purpose":"PerformanceAndHealth","endPoint":"none"},"exceptionname":{"classification":"CallstackOrException","purpose":"PerformanceAndHealth","endPoint":"none"},"exceptionstack":{"classification":"CallstackOrException","purpose":"PerformanceAndHealth","endPoint":"none"},"exceptionid":{"classification":"CallstackOrException","purpose":"PerformanceAndHealth","endPoint":"none"},"starttime":{"classification":"SystemMetaData","purpose":"PerformanceAndHealth","endPoint":"none"},"timetakeninmilliseconds":{"classification":"SystemMetaData","purpose":"PerformanceAndHealth","endPoint":"none"},"versions.debugadaptercore":{"classification":"SystemMetaData","purpose":"FeatureInsight","endPoint":"none"}},"ms-vscode.node/ClientRequest/source":{"successful":{"classification":"SystemMetaData","purpose":"PerformanceAndHealth","endPoint":"none"},"exceptiontype":{"classification":"SystemMetaData","purpose":"PerformanceAndHealth","endPoint":"none"},"exceptionmessage":{"classification":"CallstackOrException","purpose":"PerformanceAndHealth","endPoint":"none"},"exceptionname":{"classification":"CallstackOrException","purpose":"PerformanceAndHealth","endPoint":"none"},"exceptionstack":{"classification":"CallstackOrException","purpose":"PerformanceAndHealth","endPoint":"none"},"exceptionid":{"classification":"CallstackOrException","purpose":"PerformanceAndHealth","endPoint":"none"},"starttime":{"classification":"SystemMetaData","purpose":"PerformanceAndHealth","endPoint":"none"},"timetakeninmilliseconds":{"classification":"SystemMetaData","purpose":"PerformanceAndHealth","endPoint":"none"},"versions.debugadaptercore":{"classification":"SystemMetaData","purpose":"FeatureInsight","endPoint":"none"}},"ms-vscode.node/ClientRequest/threads":{"successful":{"classification":"SystemMetaData","purpose":"PerformanceAndHealth","endPoint":"none"},"exceptiontype":{"classification":"SystemMetaData","purpose":"PerformanceAndHealth","endPoint":"none"},"exceptionmessage":{"classification":"CallstackOrException","purpose":"PerformanceAndHealth","endPoint":"none"},"exceptionname":{"classification":"CallstackOrException","purpose":"PerformanceAndHealth","endPoint":"none"},"exceptionstack":{"classification":"CallstackOrException","purpose":"PerformanceAndHealth","endPoint":"none"},"exceptionid":{"classification":"CallstackOrException","purpose":"PerformanceAndHealth","endPoint":"none"},"starttime":{"classification":"SystemMetaData","purpose":"PerformanceAndHealth","endPoint":"none"},"timetakeninmilliseconds":{"classification":"SystemMetaData","purpose":"PerformanceAndHealth","endPoint":"none"},"versions.debugadaptercore":{"classification":"SystemMetaData","purpose":"FeatureInsight","endPoint":"none"}},"ms-vscode.node/ClientRequest/evaluate":{"successful":{"classification":"SystemMetaData","purpose":"PerformanceAndHealth","endPoint":"none"},"exceptiontype":{"classification":"SystemMetaData","purpose":"PerformanceAndHealth","endPoint":"none"},"exceptionmessage":{"classification":"CallstackOrException","purpose":"PerformanceAndHealth","endPoint":"none"},"exceptionname":{"classification":"CallstackOrException","purpose":"PerformanceAndHealth","endPoint":"none"},"exceptionstack":{"classification":"CallstackOrException","purpose":"PerformanceAndHealth","endPoint":"none"},"exceptionid":{"classification":"CallstackOrException","purpose":"PerformanceAndHealth","endPoint":"none"},"starttime":{"classification":"SystemMetaData","purpose":"PerformanceAndHealth","endPoint":"none"},"timetakeninmilliseconds":{"classification":"SystemMetaData","purpose":"PerformanceAndHealth","endPoint":"none"},"versions.debugadaptercore":{"classification":"SystemMetaData","purpose":"FeatureInsight","endPoint":"none"}},"ms-vscode.node/ClientRequest/setVariable":{"successful":{"classification":"SystemMetaData","purpose":"PerformanceAndHealth","endPoint":"none"},"exceptiontype":{"classification":"SystemMetaData","purpose":"PerformanceAndHealth","endPoint":"none"},"exceptionmessage":{"classification":"CallstackOrException","purpose":"PerformanceAndHealth","endPoint":"none"},"exceptionname":{"classification":"CallstackOrException","purpose":"PerformanceAndHealth","endPoint":"none"},"exceptionstack":{"classification":"CallstackOrException","purpose":"PerformanceAndHealth","endPoint":"none"},"exceptionid":{"classification":"CallstackOrException","purpose":"PerformanceAndHealth","endPoint":"none"},"starttime":{"classification":"SystemMetaData","purpose":"PerformanceAndHealth","endPoint":"none"},"timetakeninmilliseconds":{"classification":"SystemMetaData","purpose":"PerformanceAndHealth","endPoint":"none"},"versions.debugadaptercore":{"classification":"SystemMetaData","purpose":"FeatureInsight","endPoint":"none"}},"ms-vscode.node/ClientRequest/restartFrame":{"successful":{"classification":"SystemMetaData","purpose":"PerformanceAndHealth","endPoint":"none"},"exceptiontype":{"classification":"SystemMetaData","purpose":"PerformanceAndHealth","endPoint":"none"},"exceptionmessage":{"classification":"CallstackOrException","purpose":"PerformanceAndHealth","endPoint":"none"},"exceptionname":{"classification":"CallstackOrException","purpose":"PerformanceAndHealth","endPoint":"none"},"exceptionstack":{"classification":"CallstackOrException","purpose":"PerformanceAndHealth","endPoint":"none"},"exceptionid":{"classification":"CallstackOrException","purpose":"PerformanceAndHealth","endPoint":"none"},"starttime":{"classification":"SystemMetaData","purpose":"PerformanceAndHealth","endPoint":"none"},"timetakeninmilliseconds":{"classification":"SystemMetaData","purpose":"PerformanceAndHealth","endPoint":"none"},"versions.debugadaptercore":{"classification":"SystemMetaData","purpose":"FeatureInsight","endPoint":"none"}},"ms-vscode.node/ClientRequest/completions":{"successful":{"classification":"SystemMetaData","purpose":"PerformanceAndHealth","endPoint":"none"},"exceptiontype":{"classification":"SystemMetaData","purpose":"PerformanceAndHealth","endPoint":"none"},"exceptionmessage":{"classification":"CallstackOrException","purpose":"PerformanceAndHealth","endPoint":"none"},"exceptionname":{"classification":"CallstackOrException","purpose":"PerformanceAndHealth","endPoint":"none"},"exceptionstack":{"classification":"CallstackOrException","purpose":"PerformanceAndHealth","endPoint":"none"},"exceptionid":{"classification":"CallstackOrException","purpose":"PerformanceAndHealth","endPoint":"none"},"starttime":{"classification":"SystemMetaData","purpose":"PerformanceAndHealth","endPoint":"none"},"timetakeninmilliseconds":{"classification":"SystemMetaData","purpose":"PerformanceAndHealth","endPoint":"none"},"versions.debugadaptercore":{"classification":"SystemMetaData","purpose":"FeatureInsight","endPoint":"none"}},"ms-vscode.node/nodeVersion":{"version":{"classification":"SystemMetaData","purpose":"FeatureInsight","endPoint":"none"}},"ms-vscode.node/debugProtocolErrorResponse":{"error":{"classification":"CallstackOrException","purpose":"PerformanceAndHealth"}},"ms-vscode.node/optinstatus":{"optin":{"classification":"SystemMetaData","purpose":"BusinessInsight","isMeasurement":true}}},"commonProperties":{"common.os":{"classification":"SystemMetaData","purpose":"FeatureInsight","endPoint":"none"},"common.platformversion":{"classification":"SystemMetaData","purpose":"FeatureInsight","endPoint":"none"},"common.extname":{"classification":"PublicNonPersonalData","purpose":"FeatureInsight","endPoint":"none"},"common.extversion":{"classification":"PublicNonPersonalData","purpose":"FeatureInsight","endPoint":"none"},"common.vscodemachineid":{"classification":"EndUserPseudonymizedInformation","purpose":"FeatureInsight","endPoint":"MacAddressHash"},"common.vscodesessionid":{"classification":"SystemMetaData","purpose":"FeatureInsight","endPoint":"none"},"common.vscodeversion":{"classification":"SystemMetaData","purpose":"FeatureInsight","endPoint":"none"}}}